Joan Jett & the Blackhearts,I Love Rock 'n Roll,1,Guitar Hero 1
Ramones,I Wanna Be Sedated,1,Guitar Hero 1
Bad Religion,Infected,1,Guitar Hero 1
Deep Purple,Smoke on the Water,1,Guitar Hero 1
White Zombie,Thunder Kiss '65,1,Guitar Hero 1
Black Sabbath,Iron Man,2,Guitar Hero 1
Boston,More Than a Feeling,2,Guitar Hero 1
ZZ Top,Sharp Dressed Man,2,Guitar Hero 1
Franz Ferdinand,Take Me Out,2,Guitar Hero 1
Judas Priest,You've Got Another Thing Comin',2,Guitar Hero 1
Burning Brides,Heart Full of Black,3,Guitar Hero 1
The Exies,Hey You,3,Guitar Hero 1
Queen,Killer Queen,3,Guitar Hero 1
Incubus,Stellar,3,Guitar Hero 1
Megadeth,Symphony of Destruction,3,Guitar Hero 1
Audioslave,Cochise,4,Guitar Hero 1
Sum 41,Fat Lip,4,Guitar Hero 1
The Donnas,Take it Off,4,Guitar Hero 1
Helmet,Unsung,4,Guitar Hero 1
David Bowie,Ziggy Stardust,4,Guitar Hero 1
Motörhead,Ace of Spades,5,Guitar Hero 1
Cream,Crossroads,5,Guitar Hero 1
Red Hot Chili Peppers,Higher Ground,5,Guitar Hero 1
Queens of the Stone Age,No One Knows,5,Guitar Hero 1
The Jimi Hendrix Experience,Spanish Castle Magic,5,Guitar Hero 1
Ozzy Osbourne,Bark at the Moon,6,Guitar Hero 1
Pantera,Cowboys from Hell,6,Guitar Hero 1
The Edgar Winter Group,Frankenstein,6,Guitar Hero 1
Blue Öyster Cult,Godzilla,6,Guitar Hero 1
Stevie Ray Vaughan,Texas Flood,6,Guitar Hero 1
Danzig,Mothera,1,Guitar Hero 2
Mötley Crüe,Shout at the Devil,1,Guitar Hero 2
Cheap Trick,Surrender,1,Guitar Hero 2
Spinal Tap,Tonight I'm Gonna Rock You Tonighta,1,Guitar Hero 2
Wolfmother,Woman,1,Guitar Hero 2
Kansas,Carry On Wayward Son,2,Guitar Hero 2
Nirvana,Heart-Shaped Box,2,Guitar Hero 2
The Police,Message in a Bottle,2,Guitar Hero 2
Kiss,Struttera,2,Guitar Hero 2
Van Halen,You Really Got Me,2,Guitar Hero 2
Foo Fighters,Monkey Wrench,3,Guitar Hero 2
Iggy Pop and the Stooges,Search and Destroy,3,Guitar Hero 2
The Pretenders,Tattooed Love Boys,3,Guitar Hero 2
Alice in Chains,Them Bones,3,Guitar Hero 2
Black Sabbath,War Pigs,3,Guitar Hero 2
The Rolling Stones,Can't You Hear Me Knockin'a,4,Guitar Hero 2
Warrant,Cherry Pie,4,Guitar Hero 2
Matthew Sweet,Girlfriend,4,Guitar Hero 2
Guns N' Roses,Sweet Child o' Mine,4,Guitar Hero 2
The Butthole Surfers,Who Was in My Room Last Night?a,4,Guitar Hero 2
Thin Lizzy,Bad Reputation,5,Guitar Hero 2
The Sword,Freya,5,Guitar Hero 2
Primus,John the Fisherman,5,Guitar Hero 2
Rage Against the Machine,Killing in the Name,5,Guitar Hero 2
Aerosmith,Last Childa,5,Guitar Hero 2
Heart,Crazy on You,6,Guitar Hero 2
The Allman Brothers Band,Jessica,6,Guitar Hero 2
Stray Cats,Rock This Town,6,Guitar Hero 2
Jane's Addiction,Stop,6,Guitar Hero 2
Stone Temple Pilots,Trippin' on a Hole in a Paper Heart,6,Guitar Hero 2
The Living End,Carry Me Home,7,Guitar Hero 2
Lamb of God,Laid to Resta,7,Guitar Hero 2
Anthrax,Madhouse,7,Guitar Hero 2
Reverend Horton Heat,Psychobilly Freakout,7,Guitar Hero 2
Rush,YYZ,7,Guitar Hero 2
Avenged Sevenfold,Beast and the Harlot,8,Guitar Hero 2
Lynyrd Skynyrd,Free Birda,8,Guitar Hero 2
Megadeth,Hangar 18,8,Guitar Hero 2
Suicidal Tendencies,Institutionalized,8,Guitar Hero 2
Dick Dale,Misirlou,8,Guitar Hero 2
Quiet Riot,(Bang Your Head) Metal Health,1,Guitar Hero 80s
Skid Row,18 and Life,1,Guitar Hero 80s
Accept,Balls to the Wall,1,Guitar Hero 80s
A Flock of Seagulls,I Ran (So Far Away),1,Guitar Hero 80s
The Go-Go's,We Got the Beat,1,Guitar Hero 80s
Limozeen,"Because, It's Midnite",2,Guitar Hero 80s
Asia,Heat of the Moment,2,Guitar Hero 80s
Scorpions,No One Like You,2,Guitar Hero 80s
White Lion,Radar Love,2,Guitar Hero 80s
Eddie Money,Shakin',2,Guitar Hero 80s
.38 Special,Hold on Loosely,3,Guitar Hero 80s
Dio,Holy Diver,3,Guitar Hero 80s
Twisted Sister,I Wanna Rock,3,Guitar Hero 80s
Scandal,The Warrior,3,Guitar Hero 80s
The Vapors,Turning Japanese,3,Guitar Hero 80s
Krokus,Ballroom Blitz,4,Guitar Hero 80s
Oingo Boingo,Only a Lad,4,Guitar Hero 80s
Ratt,Round and Round,4,Guitar Hero 80s
The Police,Synchronicity II,4,Guitar Hero 80s
The Romantics,What I Like About You,4,Guitar Hero 80s
Poison,Ain't Nothin' But a Good Time,5,Guitar Hero 80s
Faster Pussycat,Bathroom Wall,5,Guitar Hero 80s
Billy Squier,Lonely Is the Night,5,Guitar Hero 80s
X,Los Angeles,5,Guitar Hero 80s
Iron Maiden,Wrathchild,5,Guitar Hero 80s
Anthrax,Caught in a Mosh,6,Guitar Hero 80s
Judas Priest,Electric Eye,6,Guitar Hero 80s
Extreme,Play with Me,6,Guitar Hero 80s
Dead Kennedys,Police Truck,6,Guitar Hero 80s
Winger,Seventeen,6,Guitar Hero 80s
Pat Benatar,Hit Me with Your Best Shot,1,Guitar Hero 3
Kiss,Rock and Roll All Nite,1,Guitar Hero 3
Foghat,Slow Ride,1,Guitar Hero 3
Social Distortion,Story of My Life,1,Guitar Hero 3
Poison,Talk Dirty to Me,1,Guitar Hero 3
Heart,Barracuda,2,Guitar Hero 3
Rage Against the Machine,Bulls on Parade,2,Guitar Hero 3
Tom Morello,Guitar Battle vs. Tom Morello,2,Guitar Hero 3
Mountain,Mississippi Queen,2,Guitar Hero 3
Alice Cooper,School's Out,2,Guitar Hero 3
Cream,Sunshine of Your Love,2,Guitar Hero 3
Priestess,Lay Down,3,Guitar Hero 3
AFI,Miss Murder,3,Guitar Hero 3
The Rolling Stones,Paint It Blackc,3,Guitar Hero 3
The Who,The Seeker,3,Guitar Hero 3
The Killers,When You Were Young,3,Guitar Hero 3
Sex Pistols,Anarchy in the U.K.,4,Guitar Hero 3
Pearl Jam,Even Flow,4,Guitar Hero 3
Sonic Youth,Kool Thing,4,Guitar Hero 3
Weezer,My Name Is Jonas,4,Guitar Hero 3
Black Sabbath,Paranoid,4,Guitar Hero 3
Slash,Guitar Battle vs. Slash,5,Guitar Hero 3
Dead Kennedys,Holiday in Cambodia,5,Guitar Hero 3
ZZ Top,La Grange,5,Guitar Hero 3
Scorpions,Rock You Like a Hurricane,5,Guitar Hero 3
Aerosmith,Same Old Song and Danceb,5,Guitar Hero 3
Guns N' Roses,Welcome to the Jungle,5,Guitar Hero 3
Santana,Black Magic Woman,6,Guitar Hero 3
White Zombie,Black Sunshine,6,Guitar Hero 3
The Smashing Pumpkins,Cherub Rock,6,Guitar Hero 3
Stevie Ray Vaughan,Pride and Joy,6,Guitar Hero 3
Tenacious D,The Metal,6,Guitar Hero 3
Muse,Knights of Cydonia,7,Guitar Hero 3
Queens of the Stone Age,3's & 7's,7,Guitar Hero 3
Slipknot,Before I Forget,7,Guitar Hero 3
Living Colour,Cult of Personality,7,Guitar Hero 3
Disturbed,Stricken,7,Guitar Hero 3
Eric Johnson,Cliffs of Dover,8,Guitar Hero 3
Metallica,Oneb,8,Guitar Hero 3
Slayer,Raining Blood,8,Guitar Hero 3
Steve Ouimette,The Devil Went Down to Georgia,8,Guitar Hero 3
Iron Maiden,The Number of the Beast,8,Guitar Hero 3
Blue Öyster Cult,Cities on Flame with Rock and Roll,???,Guitar Hero 3
Bloc Party,Helicopter,???,Guitar Hero 3
Matchbook Romance,Monsters,???,Guitar Hero 3
The Strokes,Reptilia,???,Guitar Hero 3
Beastie Boys,Sabotage,???,Guitar Hero 3
Red Hot Chili Peppers,Suck My Kiss,???,Guitar Hero 3
Héroes del Silencio,Avalanchac,Bonus,Guitar Hero 3
Senses Fail,Can't Be Saved,Bonus,Guitar Hero 3
Lacuna Coil,Closer,Bonus,Guitar Hero 3
The Sleeping,Don't Hold Back,Bonus,Guitar Hero 3
L.A. Slum Lords,Down 'n Dirty,Bonus,Guitar Hero 3
The Fall of Troy,F.C.P.R.E.M.I.X.,Bonus,Guitar Hero 3
Revolverheld,Generation Rock,Bonus,Guitar Hero 3
Bret Michaels Band,Go That Farc,Bonus,Guitar Hero 3
Die Toten Hosen,Hier Kommt Alex,Bonus,Guitar Hero 3
Hellacopters,I'm in the Band,Bonus,Guitar Hero 3
An Endless Sporadic,Impulse,Bonus,Guitar Hero 3
Scouts of St. Sebastian,In Love,Bonus,Guitar Hero 3
Gallows,In the Belly of a Shark,Bonus,Guitar Hero 3
Naast,Mauvais Garçon,Bonus,Guitar Hero 3
Lions,Metal Heavy Lady,Bonus,Guitar Hero 3
Backyard Babies,Minus Celsius,Bonus,Guitar Hero 3
Killswitch Engage,My Curse,Bonus,Guitar Hero 3
Dope,Nothing for Me Here,Bonus,Guitar Hero 3
Rise Against,Prayer of the Refugee,Bonus,Guitar Hero 3
Superbus,Radio Song,Bonus,Guitar Hero 3
Kaiser Chiefs,Ruby,Bonus,Guitar Hero 3
The Stone Roses,She Bangs the Drums,Bonus,Guitar Hero 3
In Flames,Take This Life,Bonus,Guitar Hero 3
Prototype,The Way It Ends,Bonus,Guitar Hero 3
DragonForce,Through the Fire and Flames,Bonus,Guitar Hero 3
Survivor,Eye of the Tiger,1,Guitar Hero 4
Oasis,Some Might Say,1,Guitar Hero 4
Creedence Clearwater Revival,Up Around the Bend,1,Guitar Hero 4
Korn,Freak on a Leash,2,Guitar Hero 4
The Cult,Love Removal Machine,2,Guitar Hero 4
Jane's Addiction,Mountain Song,2,Guitar Hero 4
Billy Idol,Rebel Yell,2,Guitar Hero 4
Jimmy Eat World,The Middle,2,Guitar Hero 4
311,Beautiful Disaster,3,Guitar Hero 4
Dinosaur Jr.,Feel the Pain,3,Guitar Hero 4
The Smashing Pumpkins,Today,3,Guitar Hero 4
HushPuppies,You're Gonna Say Yeah!,3,Guitar Hero 4
Wings,Band on the Run,4,Guitar Hero 4
Steve Miller Band,The Joker,4,Guitar Hero 4
R.E.M.,The One I Love,4,Guitar Hero 4
Bon Jovi,Livin' on a Prayer,5,Guitar Hero 4
Paramore,Misery Business,5,Guitar Hero 4
Interpol,Obstacle 1,5,Guitar Hero 4
Blondie,One Way or Another,5,Guitar Hero 4
The Allman Brothers Band,Ramblin' Man,5,Guitar Hero 4
Tool,Parabola,6,Guitar Hero 4
Tool,Schism,6,Guitar Hero 4
Tool,Vicarious,6,Guitar Hero 4
Steely Dan,Do It Again,7,Guitar Hero 4
Eagles,Hotel California,7,Guitar Hero 4
Willie Nelson,On the Road Again (Live),7,Guitar Hero 4
Black Label Society,Stillborn,7,Guitar Hero 4
The Guess Who,American Woman,8,Guitar Hero 4
Blink-182,Dammit,8,Guitar Hero 4
Filter,"Hey Man, Nice Shot",8,Guitar Hero 4
The Doors,Love Me Two Times,8,Guitar Hero 4
No Doubt,Spiderwebs,8,Guitar Hero 4
Lenny Kravitz,Are You Gonna Go My Way,9,Guitar Hero 4
Michael Jackson,Beat It,9,Guitar Hero 4
Fleetwood Mac,Go Your Own Way,9,Guitar Hero 4
Pat Benatar,Heartbreaker,9,Guitar Hero 4
Ted Nugent,Stranglehold+,9,Guitar Hero 4
Nirvana,About a Girl (Unplugged Live),10,Guitar Hero 4
Beastie Boys ft. Kerry King,No Sleep Till Brooklyn,10,Guitar Hero 4
Linkin Park,What I've Done,10,Guitar Hero 4
The Enemy,Aggro,11,Guitar Hero 4
Modest Mouse,Float On,11,Guitar Hero 4
Tokio Hotel,Monsoon,11,Guitar Hero 4
Lostprophets,Rooftops (A Liberation Broadcast),11,Guitar Hero 4
Airbourne,"Too Much, Too Young, Too Fast",11,Guitar Hero 4
Sting,Demolition Man (Live),12,Guitar Hero 4
Radio Futura,Escuela de Calor,12,Guitar Hero 4
MC5's Wayne Kramer,Kick Out the Jams,12,Guitar Hero 4
Sublime,Santeria,12,Guitar Hero 4
Coldplay,Shiver,12,Guitar Hero 4
Beatsteaks,Hail to the Freaks,13,Guitar Hero 4
Silversun Pickups,Lazy Eye,13,Guitar Hero 4
Negramaro,Nuvole E Lenzuola,13,Guitar Hero 4
Sex Pistols,Pretty Vacant,13,Guitar Hero 4
Stuck in the Sound,Toy Boy,13,Guitar Hero 4
The Mars Volta,L'Via L'Viaquez,14,Guitar Hero 4
Lynyrd Skynyrd,Sweet Home Alabama (Live),14,Guitar Hero 4
30 Seconds to Mars,The Kill,14,Guitar Hero 4
The Jimi Hendrix Experience,The Wind Cries Mary,14,Guitar Hero 4
The Jimi Hendrix Experience,Purple Haze (Live at San Diego),14,Guitar Hero 4
Foo Fighters,Everlong,14,Guitar Hero 4
Anouk,Good God,15,Guitar Hero 4
Bob Seger & The Silver Bullet Band,Hollywood Nights,15,Guitar Hero 4
At the Drive-In,One Armed Scissor,15,Guitar Hero 4
Kent,VinterNoll2,15,Guitar Hero 4
Black Rebel Motorcycle Club,Weapon of Choice,15,Guitar Hero 4
Ozzy Osbourne,Crazy Train,16,Guitar Hero 4
Ozzy Osbourne,Mr. Crowley,16,Guitar Hero 4
Lacuna Coil,Our Truth+,16,Guitar Hero 4
Motörhead,Overkill+,16,Guitar Hero 4
The Living End,Prisoner of Society,16,Guitar Hero 4
Bullet for My Valentine,Scream Aim Fire,16,Guitar Hero 4
Trust,Antisocial,17,Guitar Hero 4
Muse,Assassin,17,Guitar Hero 4
System of a Down,B.Y.O.B.,17,Guitar Hero 4
Van Halen,Hot for Teacher,17,Guitar Hero 4
Los Lobos,La Bamba,17,Guitar Hero 4
Rise Against,Re-Education (Through Labor),17,Guitar Hero 4
Metallica,Trapped Under Ice,17,Guitar Hero 4
The Stone Roses,Love Spreads,18,Guitar Hero 4
The Answer,Never Too Late,18,Guitar Hero 4
Dream Theater,Pull Me Under,18,Guitar Hero 4
Joe Satriani,Satch Boogied,18,Guitar Hero 4
NOFX,Soul Doubt,18,Guitar Hero 4
Bob Dylan,All Along the Watchtower,1,Guitar Hero 5
Gorillaz,Feel Good Inc.,1,Guitar Hero 5
Beck,Gamma Ray,1,Guitar Hero 5
Coldplay,In My Place,1,Guitar Hero 5
Blur,Song 2,1,Guitar Hero 5
The Rolling Stones,Sympathy for the Devil,1,Guitar Hero 5
Scars on Broadway,They Say,1,Guitar Hero 5
Darker My Love,Blue Day,2,Guitar Hero 5
The White Stripes,Blue Orchid,2,Guitar Hero 5
Beastie Boys,Gratitude,2,Guitar Hero 5
John Mellencamp,Hurts So Good,2,Guitar Hero 5
Garbage,Only Happy When It Rains,2,Guitar Hero 5
Brand New,Sowing Season (Yeah),2,Guitar Hero 5
The Raconteurs,"Steady, As She Goes",2,Guitar Hero 5
Band of Horses,"Cigarettes, Wedding Bands",3,Guitar Hero 5
No Doubt,Ex-Girlfriend,3,Guitar Hero 5
David Bowie,Fame,3,Guitar Hero 5
Wild Cherry,Play That Funky Music,3,Guitar Hero 5
Kings of Leon,Sex on Fire,3,Guitar Hero 5
Queen and David Bowie,Under Pressure,3,Guitar Hero 5
Deep Purple,Woman From Tokyo ('99 Remix),3,Guitar Hero 5
Bush,Comedown,4,Guitar Hero 5
Billy Idol,Dancing with Myself,4,Guitar Hero 5
3 Doors Down,Kryptonite,4,Guitar Hero 5
Love and Rockets,Mirror People,4,Guitar Hero 5
Kaiser Chiefs,Never Miss a Beat,4,Guitar Hero 5
The Duke Spirit,Send a Little Love Token,4,Guitar Hero 5
Kiss,Shout It Out Loud,4,Guitar Hero 5
Spacehog,In the Meantime,5,Guitar Hero 5
Elliott Smith,L.A.,5,Guitar Hero 5
Queens of the Stone Age,Make It wit Chu,5,Guitar Hero 5
Muse,Plug In Baby,5,Guitar Hero 5
Dire Straits,Sultans of Swing,5,Guitar Hero 5
Stevie Wonder,Superstition,5,Guitar Hero 5
Attack! Attack!,You and Me,5,Guitar Hero 5
Bon Jovi,You Give Love a Bad Name,5,Guitar Hero 5
Jimmy Eat World,Bleed American,6,Guitar Hero 5
Duran Duran,Hungry Like the Wolf,6,Guitar Hero 5
Thin Lizzy,Jailbreak,6,Guitar Hero 5
Mötley Crüe,Looks That Kill,6,Guitar Hero 5
Blink-182,The Rock Show,6,Guitar Hero 5
Weezer,Why Bother?,6,Guitar Hero 5
The Killers,All The Pretty Faces,7,Guitar Hero 5
Nirvana,Lithium (Live),7,Guitar Hero 5
Billy Squier,Lonely Is the Night,7,Guitar Hero 5
Screaming Trees,Nearly Lost You,7,Guitar Hero 5
Nirvana,Smells Like Teen Spirit,7,Guitar Hero 5
Eagles of Death Metal,Wannabe in L.A.,7,Guitar Hero 5
T. Rex,20th Century Boy,8,Guitar Hero 5
Vampire Weekend,A-Punk,8,Guitar Hero 5
Public Enemy ft. Zakk Wylde,Bring the Noise 20XX,8,Guitar Hero 5
Rammstein,Du Hast,8,Guitar Hero 5
Sunny Day Real Estate,Seven,8,Guitar Hero 5
Sublime,What I Got,8,Guitar Hero 5
The Smashing Pumpkins,Bullet with Butterfly Wings,9,Guitar Hero 5
Face to Face,Disconnected,9,Guitar Hero 5
My Morning Jacket,One Big Holiday,9,Guitar Hero 5
Johnny Cash,Ring of Fire,9,Guitar Hero 5
Grand Funk Railroad,We're an American Band,9,Guitar Hero 5
Sonic Youth,Incinerate,10,Guitar Hero 5
The Sword,"Maiden, Mother & Crone",10,Guitar Hero 5
Santana,No One to Depend On+ (Live),10,Guitar Hero 5
Tom Petty,Runnin' Down a Dream,10,Guitar Hero 5
The Police,So Lonely,10,Guitar Hero 5
TV on the Radio,Wolf Like Me,10,Guitar Hero 5
Wolfmother,Back Round,11,Guitar Hero 5
AFI,Medicate+,11,Guitar Hero 5
Elton John,Saturday Night's Alright for Fighting,11,Guitar Hero 5
Rose Hill Drive,Sneak Out,11,Guitar Hero 5
Gov't Mule,Streamline Woman,11,Guitar Hero 5
The Derek Trucks Band,Younk Funka,11,Guitar Hero 5
Iron Maiden,2 Minutes to Midnight,12,Guitar Hero 5
Tom Petty and the Heartbreakers,American Girl,12,Guitar Hero 5
Arctic Monkeys,Brianstorm,12,Guitar Hero 5
Thrice,Deadbolt+,12,Guitar Hero 5
A Perfect Circle,Judith,12,Guitar Hero 5
The Bronx,Six Days a Week,12,Guitar Hero 5
Darkest Hour,Demon(s)+,13,Guitar Hero 5
Peter Frampton,Do You Feel Like We Do? (Live),13,Guitar Hero 5
Children of Bodom,"Done with Everything, Die for Nothing+",13,Guitar Hero 5
Iggy Pop,Lust for Life (Live),13,Guitar Hero 5
Jeff Beck,Scatterbrain+a (Live),13,Guitar Hero 5
Megadeth,Sweating Bullets+,13,Guitar Hero 5
Rush,The Spirit of Radio+ (Live),13,Guitar Hero 5
King Crimson,21st Century Schizoid Man+,14,Guitar Hero 5
OK Go,A Million Ways,1,Band Hero
Evanescence,Bring Me to Life,1,Band Hero
Culture Club,Do You Really Want To Hurt Me,1,Band Hero
Cold War Kids,Hang Me Up to Dry,1,Band Hero
The Turtles,Happy Together,1,Band Hero
David Bowie,Let's Dance,1,Band Hero
Roy Orbison,"Oh, Pretty Woman",1,Band Hero
The Jackson 5,ABC,2,Band Hero
The Bravery,Believe,2,Band Hero
Marvin Gaye,I Heard It Through the Grapevine,2,Band Hero
Hinder,Lips of an Angel,2,Band Hero
The Go-Go's,Our Lips Are Sealed,2,Band Hero
N.E.R.D.,Rock Star,2,Band Hero
Hilary Duff,So Yesterday,2,Band Hero
Joan Jett,Bad Reputation,3,Band Hero
The All-American Rejects,Dirty Little Secret,3,Band Hero
Tonic,If You Could Only See,3,Band Hero
Santigold,L.E.S. Artistes,3,Band Hero
Everclear,Santa Monica,3,Band Hero
Lily Allen,Take What You Take,3,Band Hero
Spice Girls,Wannabe,3,Band Hero
The Rolling Stones,Honky Tonk Women,4,Band Hero
Taylor Swift,Love Story (Pop Mix),4,Band Hero
Styx,Mr. Roboto,4,Band Hero
The Last Goodnight,Pictures of You,4,Band Hero
Ben Harper and the Innocent Criminals,Steal My Kisses,4,Band Hero
Snow Patrol,Take Back the City,4,Band Hero
Devo,Whip It,4,Band Hero
Janet Jackson,Black Cat,5,Band Hero
Poison,Every Rose Has Its Thorn,5,Band Hero
Pat Benatar,Love is a Battlefield,5,Band Hero
Yellowcard,Ocean Avenue,5,Band Hero
Corinne Bailey Rae,Put Your Records On,5,Band Hero
Maroon 5,She Will Be Loved,5,Band Hero
Fall Out Boy,"Sugar, We're Goin Down",5,Band Hero
Cheap Trick,I Want You to Want Me (Live),6,Band Hero
Big Country,In a Big Country,6,Band Hero
Finger Eleven,Paralyzer,6,Band Hero
Angels & Airwaves,The Adventure,6,Band Hero
Katrina and the Waves,Walking on Sunshine,6,Band Hero
Duffy,Warwick Avenue,6,Band Hero
3 Doors Down,When I'm Gone,6,Band Hero
Counting Crows,Angels of the Silences,7,Band Hero
Jesse McCartney,Beautiful Soul,7,Band Hero
No Doubt,Don't Speak,7,Band Hero
Alphabeat,Fascination,7,Band Hero
Filter,Take a Picture,7,Band Hero
Nelly Furtado,Turn Off the Light,7,Band Hero
Village People,Y.M.C.A.,7,Band Hero
Dashboard Confessional,Hands Down,8,Band Hero
Carl Douglas,Kung Fu Fighting,8,Band Hero
Aly & AJ,Like Whoa,8,Band Hero
Taylor Swift,Picture to Burn,8,Band Hero
Duran Duran,Rio,8,Band Hero
Taylor Swift,You Belong with Me,8,Band Hero
Parachute,Back Again,9,Band Hero
KT Tunstall,Black Horse and the Cherry Tree,9,Band Hero
No Doubt,Just a Girl,9,Band Hero
Robbie Williams & Kylie Minogue,Kids,9,Band Hero
Papa Roach,Lifeline,9,Band Hero
The Airborne Toxic Event,Gasoline,10,Band Hero
The Kooks,Naïve,10,Band Hero
The Mighty Mighty Bosstones,The Impression That I Get,10,Band Hero
Joss Stone,You Had Me,10,Band Hero
Don McLean,American Pie,11,Band Hero
Blue Öyster Cult,(Don't Fear) The Reaper,???,Rock Band 1
Jet,Are You Gonna Be My Girl,???,Rock Band 1
Sweet,Ballroom Blitz,???,Rock Band 1
Soundgarden,Black Hole Sun,???,Rock Band 1
Ramones,Blitzkrieg Bop,???,Rock Band 1
Hole,Celebrity Skin,???,Rock Band 1
Smashing Pumpkins,Cherub Rock,???,Rock Band 1
Radiohead,Creep,???,Rock Band 1
Red Hot Chili Peppers,Dani California,???,Rock Band 1
Fall Out Boy,Dead on Arrival,???,Rock Band 1
Kiss,Detroit Rock City,???,Rock Band 1
The New Pornographers,Electric Version,???,Rock Band 1
Metallica,Enter Sandman,???,Rock Band 1
Faith No More,Epic,???,Rock Band 1
Molly Hatchet,Flirtin' with Disaster,???,Rock Band 1
Boston,Foreplay/Long Time,???,Rock Band 1
The Rolling Stones,Gimme Shelter,???,Rock Band 1
Queens of the Stone Age,Go with the Flow,???,Rock Band 1
The Outlaws,Green Grass and High Tides,???,Rock Band 1
OK Go,Here It Goes Again,???,Rock Band 1
Deep Purple,Highway Star,???,Rock Band 1
Garbage,I Think I'm Paranoid,???,Rock Band 1
Nirvana,In Bloom,???,Rock Band 1
Foo Fighters,Learn to Fly,???,Rock Band 1
The Hives,Main Offender,???,Rock Band 1
Yeah Yeah Yeahs,Maps,???,Rock Band 1
Mountain,Mississippi Queen,???,Rock Band 1
The Police,Next to You,???,Rock Band 1
R.E.M.,Orange Crush,???,Rock Band 1
Black Sabbath,Paranoid,???,Rock Band 1
The Strokes,Reptilia,???,Rock Band 1
Iron Maiden,Run to the Hills,???,Rock Band 1
Beastie Boys,Sabotage,???,Rock Band 1
Weezer,Say It Ain't So,???,Rock Band 1
The Clash,Should I Stay or Should I Go,???,Rock Band 1
David Bowie,Suffragette City,???,Rock Band 1
Nine Inch Nails,The Hand That Feeds,???,Rock Band 1
Rush,Tom Sawyer,???,Rock Band 1
Aerosmith,Train Kept A-Rollin',???,Rock Band 1
Stone Temple Pilots,Vasoline,???,Rock Band 1
Bon Jovi,Wanted Dead or Alive,???,Rock Band 1
Pixies,Wave of Mutilation,???,Rock Band 1
Coheed and Cambria,Welcome Home,???,Rock Band 1
The Killers,When You Were Young,???,Rock Band 1
The Who,Won't Get Fooled Again,???,Rock Band 1
The Konks,29 Fingers,Bonus,Rock Band 1
Anarchy Club,Blood Doll,Bonus,Rock Band 1
Freezepop,Brainpower,Bonus,Rock Band 1
Death of the Cool,Can't Let Go,Bonus,Rock Band 1
The Acro-Brats,"Day Late, Dollar Short",Bonus,Rock Band 1
2000s,Factory-to-Dealer Incentives,Bonus,Rock Band 1
Honest Bob and the,I Get By,Bonus,Rock Band 1
Flyleaf,I'm So Sick,Bonus,Rock Band 1
Crooked X,Nightmare,Bonus,Rock Band 1
Tribe,Outside,Bonus,Rock Band 1
Bang Camaro,Pleasure (Pleasure),Bonus,Rock Band 1
Vagiant,Seven,Bonus,Rock Band 1
The Mother Hips,Time We Had,Bonus,Rock Band 1
Timmy and the Lords of the Underworld,Timmy and the Lords of the Underworld,Bonus,Rock Band 1
Blur,Beetlebum,Eu Bonus,Rock Band 1
H-Blockx,Countdown to Insanity,Eu Bonus,Rock Band 1
Die Toten Hosen,Hier Kommt Alex,Eu Bonus,Rock Band 1
Muse,Hysteria,Eu Bonus,Rock Band 1
Les Wampas,Manu Chao,Eu Bonus,Rock Band 1
Tokio Hotel,Monsoon,Eu Bonus,Rock Band 1
Pleymo,New Wave,Eu Bonus,Rock Band 1
Juli,Perfekte Welle,Eu Bonus,Rock Band 1
Oasis,Rock 'n' Roll Star,Eu Bonus,Rock Band 1
Blink-182,All the Small Things,???,Rock Band TP1
Weezer,Buddy Holly,???,Rock Band TP1
Kiss,Calling Dr. Love,???,Rock Band TP1
Paramore,Crushcrushcrush,???,Rock Band TP1
The Hives,"Die, All Right!",???,Rock Band TP1
Lynyrd Skynyrd,Gimme Three Steps,???,Rock Band TP1
Stone Temple Pilots,Interstate Love Song,???,Rock Band TP1
Wolfmother,Joker & the Thief,???,Rock Band TP1
Queens of the Stone Age,Little Sister,???,Rock Band TP1
Oasis,Live Forever,???,Rock Band TP1
Nine Inch Nails,March of the Pigs,???,Rock Band TP1
David Bowie,Moonage Daydream,???,Rock Band TP1
Boston,More Than a Feeling,???,Rock Band TP1
The All-American Rejects,Move Along,???,Rock Band TP1
Smashing Pumpkins,Siva,???,Rock Band TP1
The Police,Synchronicity II,???,Rock Band TP1
Ramones,Teenage Lobotomy,???,Rock Band TP1
30 Seconds to Mars,The Kill,???,Rock Band TP1
Grateful Dead,Truckin',???,Rock Band TP1
Faith No More,We Care a Lot,???,Rock Band TP1
Avenged Sevenfold,Afterlife,???,Rock Band TP2
Blondie,Call Me,???,Rock Band TP2
Weezer,El Scorcho,???,Rock Band TP2
Devo,Girl U Want,???,Rock Band TP2
Maxïmo Park,Girls Who Play Guitars,???,Rock Band TP2
Disturbed,Indestructible,???,Rock Band TP2
Angels & Airwaves,It Hurts,???,Rock Band TP2
The Cars,Just What I Needed,???,Rock Band TP2
The Police,Message in a Bottle,???,Rock Band TP2
Pixies,Monkey Gone to Heaven,???,Rock Band TP2
Duran Duran,Rio,???,Rock Band TP2
Mötley Crüe,Saints of Los Angeles,???,Rock Band TP2
Lynyrd Skynyrd,Simple Man,???,Rock Band TP2
Red Hot Chili Peppers,Snow ((Hey Oh)),???,Rock Band TP2
Nine Inch Nails,The Perfect Drug,???,Rock Band TP2
Fall Out Boy,"This Ain't a Scene, It's an Arms Race",???,Rock Band TP2
Papa Roach,Time Is Running Out,???,Rock Band TP2
Garbage,Why Do You Love Me,???,Rock Band TP2
Judas Priest,You've Got Another Thing Comin',???,Rock Band TP2
Smashing Pumpkins,Zero,???,Rock Band TP2
The Main Drag,A Jagged Gorgeous Winter,???,Rock Band 2
Motörhead,Ace of Spades '08,???,Rock Band 2
The Grateful Dead,Alabama Getaway,???,Rock Band 2
The Replacements,Alex Chilton,???,Rock Band 2
Pearl Jam,Alive,???,Rock Band 2
Avenged Sevenfold,Almost Easy,???,Rock Band 2
The Guess Who,American Woman,???,Rock Band 2
Journey,Any Way You Want It,???,Rock Band 2
Jethro Tull,Aqualung,???,Rock Band 2
Joan Jett,Bad Reputation,???,Rock Band 2
Metallica,Battery,???,Rock Band 2
Steely Dan,Bodhisattva,???,Rock Band 2
Kansas,Carry On Wayward Son,???,Rock Band 2
System of a Down,Chop Suey,???,Rock Band 2
Mastodon,Colony of Birchmen,???,Rock Band 2
The Offspring,Come Out and Play (Keep 'Em Separated),???,Rock Band 2
Speck,Conventional Lovera,???,Rock Band 2
Squeeze,Cool for Cats,???,Rock Band 2
Lush,De-Luxe,???,Rock Band 2
Disturbed,Down with the Sickness,???,Rock Band 2
Nirvana,Drain You,???,Rock Band 2
Beck,E-Pro,???,Rock Band 2
Foo Fighters,Everlong,???,Rock Band 2
Survivor,Eye of the Tiger,???,Rock Band 2
Dinosaur Jr.,Feel the Pain,???,Rock Band 2
Modest Mouse,Float On,???,Rock Band 2
Anarchy Club,Get Cleana,???,Rock Band 2
AFI,Girl's Not Grey,???,Rock Band 2
Rise Against,Give It All,???,Rock Band 2
Red Hot Chili Peppers,Give It Away,???,Rock Band 2
Fleetwood Mac,Go Your Own Way,???,Rock Band 2
Cheap Trick,Hello There,???,Rock Band 2
Duran Duran,Hungry Like the Wolf,???,Rock Band 2
Social Distortion,I Was Wrong,???,Rock Band 2
The Muffs,Kids in America,???,Rock Band 2
Silversun Pickups,Lazy Eye,???,Rock Band 2
AC/DC,Let There Be Rock,???,Rock Band 2
Bon Jovi,Livin' on a Prayer,???,Rock Band 2
POTUS,Lump,???,Rock Band 2
Alice in Chains,Man in the Box,???,Rock Band 2
Tenacious D,Master Exploder,???,Rock Band 2
Jane's Addiction,Mountain Song,???,Rock Band 2
Lit,My Own Worst Enemy,???,Rock Band 2
The Donnas,New Kid in School,???,Rock Band 2
Bang Camaro,Night Liesa,???,Rock Band 2
Panic! at the Disco,Nine in the Afternoon,???,Rock Band 2
Linkin Park,One Step Closer,???,Rock Band 2
Blondie,One Way or Another,???,Rock Band 2
Lacuna Coil,Our Truth,???,Rock Band 2
Judas Priest,Painkiller,???,Rock Band 2
Dream Theater,Panic Attack,???,Rock Band 2
Interpol,PDA,???,Rock Band 2
Megadeth,Peace Sells,???,Rock Band 2
The Who,Pinball Wizard,???,Rock Band 2
L7,Pretend We're Dead,???,Rock Band 2
Talking Heads,Psycho Killer,???,Rock Band 2
Elvis Costello,Pump It Up,???,Rock Band 2
The Allman Brothers Band,Ramblin' Man,???,Rock Band 2
Bikini Kill,Rebel Girl,???,Rock Band 2
That Handsome Devil,Rob the Prez-O-Denta,???,Rock Band 2
Steve Miller Band,Rock'n Me,???,Rock Band 2
Ratt,Round and Round,???,Rock Band 2
Guns N' Roses,Shackler's Revenge,???,Rock Band 2
Bad Company,Shooting Star,???,Rock Band 2
Breaking Wheel,Shoulder to the Plowa,???,Rock Band 2
Beastie Boys,So What'cha Want,???,Rock Band 2
Testament,Souls of Black,???,Rock Band 2
Norman Greenbaum,Spirit in the Sky,???,Rock Band 2
Soundgarden,Spoonman,???,Rock Band 2
The Sterns,Supreme Girla,???,Rock Band 2
Bob Dylan,Tangled Up in Blue,???,Rock Band 2
Sonic Youth,Teen Age Riot,???,Rock Band 2
Rage Against the Machine,Testify,???,Rock Band 2
Paramore,That's What You Get,???,Rock Band 2
Jimmy Eat World,The Middle,???,Rock Band 2
Rush,The Trees (Vault Edition),???,Rock Band 2
Smashing Pumpkins,Today,???,Rock Band 2
Devo,Uncontrollable Urge,???,Rock Band 2
Abnormality,Visionsa,???,Rock Band 2
Go-Go's,We Got the Beat,???,Rock Band 2
Libyans,Welcome to the Neighborhooda,???,Rock Band 2
The Mighty Mighty Bosstones,Where'd You Go?,???,Rock Band 2
Billy Idol,White Wedding (Part 1),???,Rock Band 2
Alanis Morissette,You Oughta Know,???,Rock Band 2
Shaimus,All of This,Bonus,Guitar Hero 1
Anarchy Club,Behind the Mask,Bonus,Guitar Hero 1
Artillery[Note 1],The Breaking Wheel,Bonus,Guitar Hero 1
The Acro-Brats,Callout,Bonus,Guitar Hero 1
The Bags,Caveman Rejoice,Bonus,Guitar Hero 1
Graveyard BBQ,Cheat on the Church,Bonus,Guitar Hero 1
Drist,Decontrol,Bonus,Guitar Hero 1
The Upper Crust,"Eureka, I've Found Love",Bonus,Guitar Hero 1
The Slip,Even Rats,Bonus,Guitar Hero 1
Made in Mexico,Farewell Myth,Bonus,Guitar Hero 1
Black Label Society,Fire it Up,Bonus,Guitar Hero 1
Din,Fly on the Wall,Bonus,Guitar Hero 1
Freezepop,Get Ready 2 Rokk,Bonus,Guitar Hero 1
Monkey Steals the Peach,Guitar Hero,Bonus,Guitar Hero 1
Honest Bob and the Factory-to-Dealer Incentives,Hey,Bonus,Guitar Hero 1
Count Zero,Sail Your Ship By,Bonus,Guitar Hero 1
 The Model Sons,Story of My Love,Bonus,Guitar Hero 1
Drist,Arterial Black,Bonus,Guitar Hero 2
Anarchy Club,Collide,Bonus,Guitar Hero 2
Ounce of Self,Drink Up,Bonus,Guitar Hero 2
That Handsome Devil,Elephant Bones,Bonus,Guitar Hero 2
Valient Thorr,Fall of Pangea,Bonus,Guitar Hero 2
VAGIANT,FTK,Bonus,Guitar Hero 2
Brian Kahanek,Gemini,Bonus,Guitar Hero 2
Buckethead,Jordan,Bonus,Guitar Hero 2
Noble Rot,Kicked to the Curb,Bonus,Guitar Hero 2
The Acro-Brats,Laughtrack,Bonus,Guitar Hero 2
Freezepop,Less Talk More Rokk,Bonus,Guitar Hero 2
The Amazing Crowns,Mr. Fix It,Bonus,Guitar Hero 2
The Breaking Wheel,One for the Road,Bonus,Guitar Hero 2
The Neighborhoods,Parasite,Bonus,Guitar Hero 2
Bang Camaro,Push Push (Lady Lightning),Bonus,Guitar Hero 2
Count Zero,Radium Eyes,Bonus,Guitar Hero 2
The Last Vegas,Raw Dog,Bonus,Guitar Hero 2
Megasus,Red Lottery,Bonus,Guitar Hero 2
All That Remains,Six,Bonus,Guitar Hero 2
Honest Bob and the Factory-to-Dealer Incentives,Soy Bomb,Bonus,Guitar Hero 2
Shadows Fall,The Light That Blinds,Bonus,Guitar Hero 2
Every Time I Die,The New Black,Bonus,Guitar Hero 2
Dethklok,Thunderhorse,Bonus,Guitar Hero 2
Strong Bad,Trogdor,Bonus,Guitar Hero 2
Voivod,X-Stream,Bonus,Guitar Hero 2
Made in Mexico,Yes We Can,Bonus,Guitar Hero 2
